name,phone,address,website,email,payment,link
Aube's Plumbing & Heating, (207) 781-7288,"19 Aubewoods Way, Falmouth, ME 04105",http://www.aubesplumbing.com,,,https://www.yellowpages.com/falmouth-me/mip/aubes-plumbing-heating-23754939?lid=1002018442581
Bradbury's Plumbing & Heating, (207) 655-1245,"400 Roosevelt Trl, Casco, ME 04015",,,,https://www.yellowpages.com/casco-me/mip/bradburys-plumbing-heating-547658269
Sears Home Improvement, (207) 798-6051,"Brunswick, ME 04011",https://www.searshomeservices.com/improve?SID=5298&utm_source=iyp&utm_medium=iyp&utm_campaign=CORE,,,https://www.yellowpages.com/brunswick-me/mip/sears-home-improvement-505313077
Herrie Plumbing & Heating, (207) 647-2223,"7 Nulty St, Bridgton, ME 04009",,,,https://www.yellowpages.com/bridgton-me/mip/herrie-plumbing-heating-545453955
Blackwell Plumbing & Heating, (207) 729-6544,,,,,https://www.yellowpages.com/nationwide/mip/blackwell-plumbing-heating-479752998
Martin Mechanical Solutions, (207) 693-2994,"16 Chipmunk Ln, Naples, ME 04055",https://martin-mechanical-solutions.com,,,https://www.yellowpages.com/naples-me/mip/martin-mechanical-solutions-565194764
G G Beauregard Plumbing & Heating, (207) 693-4890,"12 Sleepy Hollow Rd, Naples, ME 04055",,,,https://www.yellowpages.com/naples-me/mip/g-g-beauregard-plumbing-heating-452424890
Collins Plumbing & Heating Inc., (207) 647-4436,"1204 N High St, Bridgton, ME 04009",http://www.collinsplumbingandheatingme.com,,,https://www.yellowpages.com/bridgton-me/mip/collins-plumbing-heating-inc-469751567
C N Brown Heating Oil, (207) 647-8481,"57 Main St, Bridgton, ME 04009",http://cnbrown.com,,,https://www.yellowpages.com/bridgton-me/mip/c-n-brown-heating-oil-4470079
Christopher Bieber Heating & Air Conditioning, (207) 831-0715,,,,,https://www.yellowpages.com/nationwide/mip/christopher-bieber-heating-air-conditioning-559974361
Gabriel Energy & Renewables, (207) 650-8984,,,,,https://www.yellowpages.com/nationwide/mip/gabriel-energy-renewables-560174148
Cold Rain Mechanical, (207) 256-0952,"16 Estate Rd, Naples, ME 04055",http://www.coldrainmechanical.com,,,https://www.yellowpages.com/naples-me/mip/cold-rain-mechanical-567787393?lid=567787393
Bradbury's Plumbing & Heating, (207) 627-7729,"105 Haskell Ave, Raymond, ME 04071",http://www.plumbingcloud.com,,,https://www.yellowpages.com/raymond-me/mip/bradburys-plumbing-heating-14108168?lid=14108168
Frost&Flame, (207) 747-1681,,,,,https://www.yellowpages.com/nationwide/mip/frost-flame-560068319
Mpi Plumbing & Heating, (207) 883-3753,,http://www.mpropertiesinc.com,,,https://www.yellowpages.com/nationwide/mip/mpi-plumbing-heating-452330453
A Plus Plumbing & Heating, (207) 647-2029,"209 Portland Rd, Bridgton, ME 04009",http://bridgtonbottledgas.com,,,https://www.yellowpages.com/bridgton-me/mip/a-plus-plumbing-heating-453799659
ECR Plumbing & Heating Inc, (207) 657-5373,"North Yarmouth, ME 04097",,,,https://www.yellowpages.com/north-yarmouth-me/mip/ecr-plumbing-heating-inc-453947331
Maine Air Conditioning, (207) 622-6864,,http://maineair.com,,,https://www.yellowpages.com/nationwide/mip/maine-air-conditioning-14369321
Sears Heating and Air Conditioning, (207) 517-0286,,https://www.searshomeservices.com/locations/hi/hvac/me/south-portland,,,https://www.yellowpages.com/nationwide/mip/sears-heating-and-air-conditioning-562986555
Frost&Flame, (207) 747-1683,,,,,https://www.yellowpages.com/nationwide/mip/frost-flame-560654412
Strogen's Heating & Air Conditioning, (207) 358-4252,,,,,https://www.yellowpages.com/nationwide/mip/strogens-heating-air-conditioning-560454945
Bowdoin Excavation, (207) 829-3160,"24 Conifer Ln, North Yarmouth, ME 04097",,,,https://www.yellowpages.com/north-yarmouth-me/mip/bowdoin-excavation-497756420?lid=1002109705929
"Atlantic Heating Co., Inc.", (207) 358-6531,"474 Riverside Industrial Pkwy, Portland, ME 04103",http://atlanticheatingcompany.com,,,https://www.yellowpages.com/portland-me/mip/atlantic-heating-co-inc-480109618?lid=1002110928537
C & R Caron Co, (207) 693-6055,"129 Sebago Rd, Naples, ME 04055",,,,https://www.yellowpages.com/naples-me/mip/c-r-caron-co-545911720
Evergreen Energy, (207) 693-7942,"255 State Park Rd, Naples, ME 04055",http://www.pebbleairusa.com,,,https://www.yellowpages.com/naples-me/mip/evergreen-energy-462656485
Conley Enterprises, (207) 655-2890,"33 Pismire Mountain Rd, Raymond, ME 04071",,,,https://www.yellowpages.com/raymond-me/mip/conley-enterprises-10238776
Crooked River Heating & A/C LLC, (207) 743-0911,"Harrison, ME 04040",http://crookedriverheating.com,,,https://www.yellowpages.com/harrison-me/mip/crooked-river-heating-a-c-llc-461579338?lid=1001179163972
Gagnon Heating & Air Conditioning Inc, (207) 647-8782,"814 S Bridgton Rd, Bridgton, ME 04009",https://www.gagnongeothermal.com/geothermal_about.htm,,,https://www.yellowpages.com/bridgton-me/mip/gagnon-heating-air-conditioning-inc-531480558
Martin's Plumbing & Heating, (207) 749-6665,,,,,https://www.yellowpages.com/nationwide/mip/martins-plumbing-heating-560169523
McPherson Plumbing & Heating Incorporated, (207) 400-0162,,,,,https://www.yellowpages.com/nationwide/mip/mcpherson-plumbing-heating-incorporated-494594576
207 Plumbing & Heating, (207) 653-0979,,https://207plumbingandheating.com,,,https://www.yellowpages.com/nationwide/mip/207-plumbing-heating-532155205
Martin Heating & Cooling, (207) 307-0257,,http://martin-heating-cooling.com,,,https://www.yellowpages.com/nationwide/mip/martin-heating-cooling-483908065
Northeast  Mech& Energy Management Svc Inc, (888) 973-4219,"307 Lewis Hill Road, Bowdoin, ME 04287",http://www.northeastmech.com,,,https://www.yellowpages.com/bowdoin-me/mip/northeast-mech-energy-management-svc-inc-472742261?lid=1002109699804
Fabrizio A & Son Plumbing & Heating Inc, (207) 693-6964,,,,,https://www.yellowpages.com/nationwide/mip/fabrizio-a-son-plumbing-heating-inc-535953424
Succhini's Plumbing & Heating, (207) 797-5408,,,,,https://www.yellowpages.com/nationwide/mip/succhinis-plumbing-heating-4941402
KMM Heating, (207) 831-5383,,,,,https://www.yellowpages.com/nationwide/mip/kmm-heating-462800370
HVAC Services, (207) 747-1889,"73 Bradley Dr, Westbrook, ME 04092",http://hvacserv.net,,,https://www.yellowpages.com/westbrook-me/mip/hvac-services-2650419?lid=1001782587335
All Aspects Plumbing & Heating Inc, (207) 632-2857,,,,,https://www.yellowpages.com/nationwide/mip/all-aspects-plumbing-heating-inc-462921786
Ken's Monitor & Toyo Sales, (207) 846-3225,,https://kensmonitor.com,,,https://www.yellowpages.com/nationwide/mip/kens-monitor-toyo-sales-462774075
New Concepts Heating & Plumbing, (207) 847-3162,,,,,https://www.yellowpages.com/nationwide/mip/new-concepts-heating-plumbing-453800177
Gagnon Heating & Air Conditioning Inc, (207) 647-8782,,http://www.gagnongeothermal.com,,,https://www.yellowpages.com/nationwide/mip/gagnon-heating-air-conditioning-inc-462733399
Sheldon's Plumbing & Heating, (207) 799-6211,,http://www.sheldonsplumbingandheating.com,,,https://www.yellowpages.com/nationwide/mip/sheldons-plumbing-heating-453795215
Al's Discount K-1 & Gas Heating, (207) 729-4999,,,,,https://www.yellowpages.com/nationwide/mip/als-discount-k-1-gas-heating-23415761
3 Pines Heating, (207) 998-5697,"322 Bailey Hill Rd, Poland, ME 04274",,,,https://www.yellowpages.com/poland-me/mip/3-pines-heating-459157038
Mike's Family Plumbing & Heating, (207) 583-4288,,,,,https://www.yellowpages.com/nationwide/mip/mikes-family-plumbing-heating-462655048
Damon Builders Inc, (207) 345-3241,"86 Pleasant St, Mechanic Falls, ME 04256",http://www.damonbuilders.com,,,https://www.yellowpages.com/mechanic-falls-me/mip/damon-builders-inc-3452169
Earle's Heating Oil, (207) 345-0977,"84 Elm St, Mechanic Falls, ME 04256",,,,https://www.yellowpages.com/mechanic-falls-me/mip/earles-heating-oil-7829008
Rays Sheetmetal, (207) 743-5531,"164 Main St, Norway, ME 04268",,,,https://www.yellowpages.com/norway-me/mip/rays-sheetmetal-452337351
Childs Heating Service, (207) 345-3083,"47 Standpipe Rd, Mechanic Falls, ME 04256",,,,https://www.yellowpages.com/mechanic-falls-me/mip/childs-heating-service-10101070
Bass Heating, (207) 595-8829,"39 Waterford Rd, Waterford, ME 04088",,,,https://www.yellowpages.com/waterford-me/mip/bass-heating-13247191
HVAC Services Inc, (800) 491-2909,,,,,https://www.yellowpages.com/nationwide/mip/hvac-services-inc-19595261
Lakes Region Heating & Appl, (207) 693-4072,,,,,https://www.yellowpages.com/nationwide/mip/lakes-region-heating-appl-8488219
Snyder Certified Services, (207) 252-3445,,,,,https://www.yellowpages.com/nationwide/mip/snyder-certified-services-466590883
Poland Pit Stop, (207) 998-4435,"1505 Maine St, Poland, ME 04274",,,,https://www.yellowpages.com/poland-me/mip/poland-pit-stop-15755427
America's Same Day Home Repair Service, (207) 771-9001,,,,,https://www.yellowpages.com/nationwide/mip/americas-same-day-home-repair-service-6464545
Kirby Plumbing & Heating, (207) 892-2811,,https://www.kirbyplumbingandheating.com,,,https://www.yellowpages.com/nationwide/mip/kirby-plumbing-heating-5665924
Laferriere Heating, (207) 892-5540,,,,,https://www.yellowpages.com/nationwide/mip/laferriere-heating-7233349
Warm Waters, (207) 939-3133,,,,,https://www.yellowpages.com/nationwide/mip/warm-waters-561207056
Gabriel Plumbing and Heating Co, (207) 797-3437,,,,,https://www.yellowpages.com/nationwide/mip/gabriel-plumbing-and-heating-co-827538
Kane Plumbing & Heating, (207) 657-7473,,,,,https://www.yellowpages.com/nationwide/mip/kane-plumbing-heating-9242518
J.S. HVAC & Plumbing, (207) 423-9377,,https://js-hvac-plumbing-llc.business.site/?m=true,,,https://www.yellowpages.com/nationwide/mip/j-s-hvac-plumbing-566952260
Mike McDonald Heating, (207) 318-7079,,,,,https://www.yellowpages.com/nationwide/mip/mike-mcdonald-heating-560429847
Andy's Plumbing & Heating, (207) 318-1237,,,,,https://www.yellowpages.com/nationwide/mip/andys-plumbing-heating-560428530
Maine Monitor & Heating Co, (207) 642-6066,,,,,https://www.yellowpages.com/nationwide/mip/maine-monitor-heating-co-560685870
Carrier Building Services, (207) 773-7800,,https://www.carrier.com/commercial/en/us/service/or/portland,,,https://www.yellowpages.com/nationwide/mip/carrier-building-services-560421989
All Purpose Plumbing & Heating, (207) 776-2657,,,,,https://www.yellowpages.com/nationwide/mip/all-purpose-plumbing-heating-560205874
Harjula Heating, (207) 354-8026,,,,,https://www.yellowpages.com/nationwide/mip/harjula-heating-560383493
Flink's Plumbing & Oil Heating Service, (207) 741-2848,,,,,https://www.yellowpages.com/nationwide/mip/flinks-plumbing-oil-heating-service-17527403
Southern Maine Contracting, (207) 775-5700,,http://www.southernmainegc.com,,,https://www.yellowpages.com/nationwide/mip/southern-maine-contracting-17826965
B & D Burner Service, (207) 854-2944,,,,,https://www.yellowpages.com/nationwide/mip/b-d-burner-service-18427228
Wayne Hall's Heating Service, (207) 883-0307,,,,,https://www.yellowpages.com/nationwide/mip/wayne-halls-heating-service-10305591
Jim's Plumbing & Heatinc Inc, (207) 805-6454,,,,,https://www.yellowpages.com/nationwide/mip/jims-plumbing-heatinc-inc-560549562
Southern Maine Plumbing & Htng, (207) 865-3966,,,,,https://www.yellowpages.com/nationwide/mip/southern-maine-plumbing-htng-15088271
Nate Perkins Plumbing & Heating Inc, (207) 625-3552,,,,,https://www.yellowpages.com/nationwide/mip/nate-perkins-plumbing-heating-inc-15528401
Muller Heating & Plumbing, (207) 883-0148,,http://www.mullerheatingandplumbing.com,,,https://www.yellowpages.com/nationwide/mip/muller-heating-plumbing-11730811
Luce Ken Plumbing & Heating, (207) 892-9364,,,,,https://www.yellowpages.com/nationwide/mip/luce-ken-plumbing-heating-11540567
Aube's Plumbing & Heating, (207) 781-7288,,http://www.aubesplumbing.com,,,https://www.yellowpages.com/nationwide/mip/aubes-plumbing-heating-560186971
Graystone Plumbing Heating Gas, (207) 657-8219,,https://graystoneplumbing.com,,,https://www.yellowpages.com/nationwide/mip/graystone-plumbing-heating-gas-479711802?lid=479711802
Trytek Tom & Sons Inc, (207) 725-8700,,,,,https://www.yellowpages.com/nationwide/mip/trytek-tom-sons-inc-5107046
Pierson Heating and Cooling INC, (207) 329-6388,,,,,https://www.yellowpages.com/nationwide/mip/pierson-heating-and-cooling-inc-569823414
Lake Region Monitor, (207) 627-2260,,http://www.lakeregionmonitor.com,,,https://www.yellowpages.com/nationwide/mip/lake-region-monitor-462738324
Martel Mechanical, (207) 590-5554,,http://martelmechanical.net,,,https://www.yellowpages.com/nationwide/mip/martel-mechanical-548160473
"The Steinert Co., Inc.", (207) 892-5683,,,,,https://www.yellowpages.com/nationwide/mip/the-steinert-co-inc-16951620
